year_month,ppm,aqi,type
2000-01,22.54417086,35.43739395,NO2
2000-02,24.34603328,39.97302489,NO2
2000-03,18.96068916,34.25165567,NO2
2000-04,16.29364858,31.86337608,NO2
2000-05,14.97519279,29.71669237,NO2
2000-06,14.47549292,28.83886736,NO2
2000-07,14.40311909,28.84056294,NO2
2000-08,15.66985427,31.19771238,NO2
2000-09,15.54207347,29.05072807,NO2
2000-10,20.64020524,35.37876674,NO2
2000-11,21.87734907,35.07445003,NO2
2000-12,23.06564869,35.30063662,NO2
2001-01,25.43727692,38.27807943,NO2
2001-02,21.30260879,34.42982424,NO2
2001-03,19.69963257,34.62586028,NO2
2001-04,17.52565957,34.16506118,NO2
2001-05,16.9840044,32.67600762,NO2
2001-06,16.31621475,31.99978492,NO2
2001-07,15.06921937,28.95717416,NO2
2001-08,16.81444679,31.81347489,NO2
2001-09,16.51894318,30.85279283,NO2
2001-10,18.32229682,32.50014348,NO2
2001-11,20.60782386,33.55066989,NO2
2001-12,21.81672185,33.47577439,NO2
2002-01,23.32713251,35.50515842,NO2
2002-02,21.56152571,36.30005347,NO2
2002-03,17.24684837,30.97076551,NO2
2002-04,14.40714457,28.22682362,NO2
2002-05,13.89334121,27.59043613,NO2
2002-06,14.12174753,28.54722932,NO2
2002-07,13.53799342,26.93057703,NO2
2002-08,14.11864694,27.57876018,NO2
2002-09,14.76367542,28.46783856,NO2
2002-10,15.48663895,25.96245487,NO2
2002-11,19.84866249,31.68652226,NO2
2002-12,21.70834994,32.86006144,NO2
2003-01,21.49226674,33.39375454,NO2
2003-02,20.79125024,33.8926552,NO2
2003-03,16.55259762,29.15479072,NO2
2003-04,14.02718859,27.03327989,NO2
2003-05,14.01865147,26.83874351,NO2
2003-06,13.83721177,27.51284906,NO2
2003-07,13.35153045,25.92661501,NO2
2003-08,13.68280441,25.79456797,NO2
2003-09,14.79606743,27.48344621,NO2
2003-10,18.72975107,32.46103767,NO2
2003-11,19.29920949,31.28387306,NO2
2003-12,20.98067052,33.08516398,NO2
2004-01,20.26060047,31.6266461,NO2
2004-02,21.4587564,35.0983013,NO2
2004-03,17.21988717,31.38673375,NO2
2004-04,14.50198668,29.09286421,NO2
2004-05,12.64905405,25.49768481,NO2
2004-06,12.96678924,25.2637273,NO2
2004-07,12.59908133,24.74926443,NO2
2004-08,13.3839007,25.23146562,NO2
2004-09,15.86121042,29.93196356,NO2
2004-10,15.57281112,27.00833273,NO2
2004-11,17.80261843,28.14001006,NO2
2004-12,20.13003203,31.034609,NO2
2005-01,18.76748484,29.16699671,NO2
2005-02,18.43947355,30.6203975,NO2
2005-03,18.07619442,33.12046588,NO2
2005-04,15.71904565,32.10749848,NO2
2005-05,13.7401542,27.80981826,NO2
2005-06,12.95035389,26.15657644,NO2
2005-07,12.26684924,24.38697086,NO2
2005-08,14.083421,27.0428718,NO2
2005-09,15.32993601,29.84071868,NO2
2005-10,15.70295809,27.62257716,NO2
2005-11,18.34286016,30.34156635,NO2
2005-12,22.21579611,33.37112845,NO2
2006-01,18.10408126,29.76999463,NO2
2006-02,18.52214883,31.9165061,NO2
2006-03,14.62396619,27.42890897,NO2
2006-04,13.25752465,27.96086634,NO2
2006-05,12.71560637,26.25599266,NO2
2006-06,12.54008368,25.79812432,NO2
2006-07,11.58693847,22.89533867,NO2
2006-08,11.53972546,23.13042442,NO2
2006-09,12.52416813,24.13570133,NO2
2006-10,14.3893181,26.40243997,NO2
2006-11,18.6782222,31.00542926,NO2
2006-12,18.83060319,29.76711762,NO2
2007-01,16.02674242,26.86957601,NO2
2007-02,17.22225396,29.04042996,NO2
2007-03,14.99343508,28.92648371,NO2
2007-04,11.55778596,24.44175612,NO2
2007-05,11.20678768,22.93715121,NO2
2007-06,10.57645867,21.71781626,NO2
2007-07,9.727637259,20.11753813,NO2
2007-08,10.29339552,21.22208606,NO2
2007-09,11.04144917,22.44079439,NO2
2007-10,12.98115782,24.37614958,NO2
2007-11,15.82083003,26.54192409,NO2
2007-12,16.83385305,27.17069516,NO2
2008-01,16.44880465,27.93766512,NO2
2008-02,16.25263745,28.38607629,NO2
2008-03,13.84250101,26.93133816,NO2
2008-04,11.34837286,24.348748,NO2
2008-05,9.807105927,21.82236804,NO2
2008-06,9.210356322,19.76121879,NO2
2008-07,8.919814624,18.98150059,NO2
2008-08,9.029160326,19.11753817,NO2
2008-09,10.360841,21.01840947,NO2
2008-10,12.55981033,23.86763307,NO2
2008-11,13.70088423,23.93521838,NO2
2008-12,13.66065541,23.41034222,NO2
2009-01,15.96591732,27.79130524,NO2
2009-02,13.45910808,25.43324615,NO2
2009-03,11.76717099,23.49862115,NO2
2009-04,10.19470718,22.01495422,NO2
2009-05,8.351326672,17.78812239,NO2
2009-06,7.855432766,16.64046933,NO2
2009-07,7.606143601,16.20984193,NO2
2009-08,8.201208608,17.20156145,NO2
2009-09,9.131201388,18.4390087,NO2
2009-10,9.932309797,18.52358273,NO2
2009-11,13.01750955,22.82437835,NO2
2009-12,13.70580892,23.03968595,NO2
2010-01,14.48540889,24.64966849,NO2
2010-02,13.87442976,25.35108599,NO2
2010-03,12.1408932,25.07324832,NO2
2010-04,9.866580699,22.13286021,NO2
2010-05,8.287797606,18.07046456,NO2
2010-06,7.978895887,16.72196891,NO2
2010-07,7.823137865,16.66251271,NO2
2010-08,8.677721914,18.25617855,NO2
2010-09,9.754621269,20.23412432,NO2
2010-10,11.61438092,23.22595333,NO2
2010-11,12.76013011,23.28471254,NO2
2010-12,14.65473209,24.47572079,NO2
2011-01,16.60638168,27.60650063,NO2
2011-02,14.60962646,27.29151485,NO2
2011-03,11.32988533,23.48580692,NO2
2011-04,9.024189824,20.42900468,NO2
2011-05,8.54100282,18.50403217,NO2
2011-06,8.529360493,18.14371666,NO2
2011-07,8.225004166,17.35954104,NO2
2011-08,9.309774039,19.28676783,NO2
2011-09,9.968757754,20.28789149,NO2
2011-10,12.58100518,24.00193405,NO2
2011-11,14.09118877,24.97886381,NO2
2011-12,16.05757254,26.20364362,NO2
2012-01,14.52003619,25.10435696,NO2
2012-02,13.62850613,25.13424378,NO2
2012-03,10.95215668,22.86103373,NO2
2012-04,9.001207639,20.27738972,NO2
2012-05,8.59023287,19.07631374,NO2
2012-06,7.875881286,17.47329161,NO2
2012-07,7.767362592,16.14503652,NO2
2012-08,9.131507724,19.01227424,NO2
2012-09,9.732587606,20.0409783,NO2
2012-10,10.82558516,20.58752307,NO2
2012-11,14.40633105,24.92505189,NO2
2012-12,12.92812831,22.25099822,NO2
2013-01,14.14098889,23.95302815,NO2
2013-02,12.43138181,23.40724098,NO2
2013-03,10.38244458,21.79201946,NO2
2013-04,8.357862629,18.81804518,NO2
2013-05,7.592499896,16.56135101,NO2
2013-06,7.000735633,15.00258305,NO2
2013-07,7.064785253,14.37281137,NO2
2013-08,8.446035843,17.08825385,NO2
2013-09,8.828711314,18.3343686,NO2
2013-10,10.89968829,20.64849231,NO2
2013-11,11.7015982,21.1025012,NO2
2013-12,15.03192432,24.424106,NO2
2014-01,14.04922143,25.02412208,NO2
2014-02,13.94508324,25.767783,NO2
2014-03,11.17572634,23.12023463,NO2
2014-04,8.497648695,19.60470563,NO2
2014-05,7.688745801,17.40802181,NO2
2014-06,6.710821428,14.66571806,NO2
2014-07,6.463579826,13.84204361,NO2
2014-08,7.354234506,15.654955,NO2
2014-09,8.547001568,18.08588827,NO2
2014-10,9.943477662,19.53091308,NO2
2014-11,11.61152705,21.15699972,NO2
2014-12,11.96111744,19.85708057,NO2
2015-01,13.58626674,23.4306739,NO2
2015-02,12.85014942,24.2097508,NO2
2015-03,11.64756594,23.18528097,NO2
2015-04,8.339779129,19.00513154,NO2
2015-05,7.017477165,15.24558837,NO2
2015-06,6.599909744,14.03831697,NO2
2015-07,6.539865912,13.95370247,NO2
2015-08,6.865451889,14.99184132,NO2
2015-09,7.888406429,16.63072663,NO2
2015-10,8.853888171,17.56544105,NO2
2015-11,10.63662267,19.68000411,NO2
2015-12,11.75807843,20.10303463,NO2
2000-01,5.843493992,20.07995447,SO2
2000-02,5.524916137,20.35945667,SO2
2000-03,3.946381534,15.9730135,SO2
2000-04,3.641701028,16.03526299,SO2
2000-05,3.554934096,15.60452146,SO2
2000-06,3.859923245,17.28455937,SO2
2000-07,3.693747831,16.86948396,SO2
2000-08,3.702576141,16.72918189,SO2
2000-09,4.190966739,17.72876104,SO2
2000-10,5.108514142,18.74830797,SO2
2000-11,5.003429951,17.59935756,SO2
2000-12,6.847297394,22.21758448,SO2
2001-01,6.647664011,22.73032499,SO2
2001-02,4.231778275,16.59263892,SO2
2001-03,3.96799415,16.53532511,SO2
2001-04,3.72128561,15.78542391,SO2
2001-05,3.288158007,15.10894946,SO2
2001-06,3.355170994,16.48258878,SO2
2001-07,3.561113306,17.08455974,SO2
2001-08,3.604783198,18.0627714,SO2
2001-09,2.841656419,14.02287375,SO2
2001-10,3.010061149,13.88958487,SO2
2001-11,3.831425219,15.8978399,SO2
2001-12,3.848584268,15.80788848,SO2
2002-01,4.701072139,18.41816799,SO2
2002-02,3.760288579,16.26943934,SO2
2002-03,3.424618629,14.10827794,SO2
2002-04,2.455948064,11.75620369,SO2
2002-05,2.396533816,11.77980631,SO2
2002-06,2.597264921,13.02437591,SO2
2002-07,2.499531356,12.0306261,SO2
2002-08,2.582517065,12.66639738,SO2
2002-09,2.451931161,11.10973134,SO2
2002-10,2.788259051,11.10806255,SO2
2002-11,3.80692371,14.81771366,SO2
2002-12,4.856198768,17.44958333,SO2
2003-01,5.372572363,18.30299303,SO2
2003-02,4.971083276,17.13678605,SO2
2003-03,3.236667319,12.86140711,SO2
2003-04,2.802058618,13.17078173,SO2
2003-05,2.502674544,12.51231827,SO2
2003-06,2.960050503,13.76607404,SO2
2003-07,3.233954115,15.14689865,SO2
2003-08,3.03977125,14.25124553,SO2
2003-09,2.647658266,12.69379844,SO2
2003-10,3.55388357,15.03791896,SO2
2003-11,4.122637378,14.22801058,SO2
2003-12,4.899638088,16.98557205,SO2
2004-01,5.419641145,17.72104575,SO2
2004-02,4.61280442,17.07235495,SO2
2004-03,3.327130756,13.98096829,SO2
2004-04,3.148374299,13.46227003,SO2
2004-05,2.856302496,12.85968078,SO2
2004-06,3.012156117,13.74154888,SO2
2004-07,2.73299724,12.28102534,SO2
2004-08,2.474655868,12.32389244,SO2
2004-09,2.660452287,12.12887149,SO2
2004-10,2.809196371,12.42612817,SO2
2004-11,3.627313213,13.88930116,SO2
2004-12,4.719109764,17.25271972,SO2
2005-01,4.026554321,15.14339401,SO2
2005-02,3.943556453,14.67549166,SO2
2005-03,3.689802822,14.23877555,SO2
2005-04,2.89645089,13.42949972,SO2
2005-05,2.572965054,11.8410465,SO2
2005-06,2.8420427,13.45724399,SO2
2005-07,2.478312149,11.74657618,SO2
2005-08,2.687356569,13.52224414,SO2
2005-09,2.768796548,14.061357,SO2
2005-10,2.794356315,12.9112003,SO2
2005-11,3.693102919,14.22707946,SO2
2005-12,5.029378462,16.99385909,SO2
2006-01,3.675072254,13.51863258,SO2
2006-02,3.810699695,13.02327497,SO2
2006-03,2.675198268,10.23016799,SO2
2006-04,2.775175346,11.4262157,SO2
2006-05,3.232974606,11.70224722,SO2
2006-06,2.48420921,11.09240655,SO2
2006-07,2.5487512,12.3936173,SO2
2006-08,2.290845433,11.19789621,SO2
2006-09,2.267087786,10.31118971,SO2
2006-10,2.428749498,9.863227099,SO2
2006-11,2.951276763,11.50974641,SO2
2006-12,3.708521048,13.41504807,SO2
2007-01,3.256650497,11.20989618,SO2
2007-02,4.216196784,13.76030996,SO2
2007-03,2.736335299,10.77351473,SO2
2007-04,2.15373251,9.615876935,SO2
2007-05,1.899520357,8.374042804,SO2
2007-06,2.030400019,8.781395943,SO2
2007-07,2.196899845,9.215338692,SO2
2007-08,2.195572956,9.825475023,SO2
2007-09,2.21551665,9.69118513,SO2
2007-10,2.200782308,9.06341539,SO2
2007-11,2.614456085,10.48748523,SO2
2007-12,2.584007545,9.057296246,SO2
2008-01,3.089389188,10.88636001,SO2
2008-02,2.72937594,10.64017867,SO2
2008-03,2.055320164,7.990574586,SO2
2008-04,1.680426391,7.418810281,SO2
2008-05,1.575471262,6.836609833,SO2
2008-06,1.739645887,7.584217325,SO2
2008-07,1.810505838,7.769637791,SO2
2008-08,1.713063945,7.656336069,SO2
2008-09,1.692573687,6.702989376,SO2
2008-10,2.001123262,7.849075424,SO2
2008-11,2.32898474,8.312392234,SO2
2008-12,2.51180951,8.721086586,SO2
2009-01,3.621814962,11.47176475,SO2
2009-02,2.704064053,9.186882736,SO2
2009-03,1.983863078,7.202329753,SO2
2009-04,1.902702567,7.391065806,SO2
2009-05,1.570771364,5.977100038,SO2
2009-06,1.323341835,5.774773387,SO2
2009-07,1.168633023,5.205175003,SO2
2009-08,1.193970748,5.72503367,SO2
2009-09,1.175869024,4.594300132,SO2
2009-10,1.43712184,4.965148884,SO2
2009-11,1.734784277,6.629923602,SO2
2009-12,2.026096316,6.962482781,SO2
2010-01,2.373126029,7.748082929,SO2
2010-02,2.030419744,7.069974835,SO2
2010-03,1.431920302,5.778264192,SO2
2010-04,1.250951765,4.598958602,SO2
2010-05,0.95174186,3.691734086,SO2
2010-06,1.164056859,4.402072968,SO2
2010-07,1.314702435,4.781897987,SO2
2010-08,1.289246085,4.518775108,SO2
2010-09,1.369740353,4.371327418,SO2
2010-10,1.392338848,5.06952895,SO2
2010-11,1.607769364,4.549465315,SO2
2010-12,2.043601507,6.414413877,SO2
2011-01,2.16069312,7.214966467,SO2
2011-02,1.851468564,6.249306466,SO2
2011-03,1.341322496,4.595740946,SO2
2011-04,1.218345382,4.218399077,SO2
2011-05,1.163112295,4.073516553,SO2
2011-06,1.169741029,4.463416259,SO2
2011-07,1.156151729,4.827688621,SO2
2011-08,1.258550281,4.997745256,SO2
2011-09,1.010449161,3.854277042,SO2
2011-10,1.150666269,3.995956058,SO2
2011-11,1.185165778,4.074289172,SO2
2011-12,1.447282634,4.986311616,SO2
2012-01,1.407473373,5.150062283,SO2
2012-02,1.269048897,4.83321798,SO2
2012-03,0.913969232,3.606756182,SO2
2012-04,0.819310907,3.470635639,SO2
2012-05,0.792487643,3.416929585,SO2
2012-06,0.865127793,3.816323033,SO2
2012-07,0.931211451,3.76380704,SO2
2012-08,0.846363476,3.397593314,SO2
2012-09,0.684149022,2.426396114,SO2
2012-10,0.770146948,2.649716674,SO2
2012-11,1.208985596,4.098322355,SO2
2012-12,1.074379021,3.462391,SO2
2013-01,1.392100405,4.616418233,SO2
2013-02,1.134568751,4.120041293,SO2
2013-03,0.973245212,3.512071372,SO2
2013-04,0.759448423,2.725729209,SO2
2013-05,0.63438218,2.117701736,SO2
2013-06,0.645807042,2.245240501,SO2
2013-07,0.68625286,2.470773244,SO2
2013-08,0.738159679,3.095553658,SO2
2013-09,0.65921924,2.596444421,SO2
2013-10,0.789408363,3.20315316,SO2
2013-11,0.97629691,3.806315866,SO2
2013-12,1.274579053,4.885474084,SO2
2014-01,1.418396167,5.263077082,SO2
2014-02,1.376310441,5.60932881,SO2
2014-03,1.039225623,4.309853855,SO2
2014-04,0.742387156,3.104938231,SO2
2014-05,0.718382526,2.809589639,SO2
2014-06,0.678778069,2.469047987,SO2
2014-07,0.78203753,2.677355947,SO2
2014-08,0.767875468,2.910350579,SO2
2014-09,0.777905428,3.12649036,SO2
2014-10,0.890662563,3.547226554,SO2
2014-11,1.307915759,4.468260623,SO2
2014-12,1.206942488,3.638193983,SO2
2015-01,1.257227656,4.114934991,SO2
2015-02,1.535539165,5.033208817,SO2
2015-03,1.018252991,3.800404647,SO2
2015-04,0.777050622,2.733444209,SO2
2015-05,0.737215233,2.388937088,SO2
2015-06,0.644298689,2.332683411,SO2
2015-07,0.656481571,2.283323229,SO2
2015-08,0.717639118,2.552239107,SO2
2015-09,0.763416043,2.284921937,SO2
2015-10,0.707953119,2.342644568,SO2
2015-11,0.773179618,2.235918276,SO2
2015-12,0.878631481,2.275910983,SO2
2000-01,0.013371617,19.1357416,O3
2000-02,0.017125235,24.77032182,O3
2000-03,0.023283146,31.25848525,O3
2000-04,0.027325201,37.13023332,O3
2000-05,0.031529802,45.61993965,O3
2000-06,0.02984642,46.3053617,O3
2000-07,0.031936981,50.94732206,O3
2000-08,0.030165514,50.28651014,O3
2000-09,0.022468172,35.60466621,O3
2000-10,0.018455512,29.32519057,O3
2000-11,0.012090345,18.62304979,O3
2000-12,0.01100386,15.96434369,O3
2001-01,0.011065696,16.44142567,O3
2001-02,0.015292831,21.13248602,O3
2001-03,0.022685474,30.09459026,O3
2001-04,0.02975118,39.47790757,O3
2001-05,0.032012976,46.06131297,O3
2001-06,0.032304118,53.32734149,O3
2001-07,0.031915326,50.41606894,O3
2001-08,0.030676391,52.66230476,O3
2001-09,0.023258318,36.72139003,O3
2001-10,0.021865664,30.77931169,O3
2001-11,0.016627326,23.37796665,O3
2001-12,0.012579296,17.40619499,O3
2002-01,0.012469758,18.01096799,O3
2002-02,0.019180662,25.67953394,O3
2002-03,0.024226804,30.30147701,O3
2002-04,0.029865248,37.62793203,O3
2002-05,0.032032622,42.48313075,O3
2002-06,0.034966244,57.03637786,O3
2002-07,0.035368331,59.85560563,O3
2002-08,0.03370697,57.0065786,O3
2002-09,0.027437736,43.90282184,O3
2002-10,0.018123644,25.45987866,O3
2002-11,0.01489831,21.07278164,O3
2002-12,0.013797472,19.32605164,O3
2003-01,0.014231208,19.33675082,O3
2003-02,0.017359817,22.61901957,O3
2003-03,0.024817115,31.63673338,O3
2003-04,0.032296486,41.41759625,O3
2003-05,0.028691887,38.59318946,O3
2003-06,0.033000192,50.44142414,O3
2003-07,0.031684238,48.245694,O3
2003-08,0.029186157,46.30254476,O3
2003-09,0.023544662,35.02961097,O3
2003-10,0.019296349,29.44453007,O3
2003-11,0.0136475,20.06491537,O3
2003-12,0.01342236,18.61491516,O3
2004-01,0.014057145,19.49297521,O3
2004-02,0.018232595,24.80300153,O3
2004-03,0.024859944,31.42361198,O3
2004-04,0.03121401,39.8036898,O3
2004-05,0.029756838,39.74041798,O3
2004-06,0.028526081,40.12766009,O3
2004-07,0.029517122,44.38068409,O3
2004-08,0.026042556,38.97212116,O3
2004-09,0.023718424,36.4017003,O3
2004-10,0.016695196,24.52494691,O3
2004-11,0.013499097,18.95213722,O3
2004-12,0.012235054,17.31955851,O3
2005-01,0.012722953,17.80640213,O3
2005-02,0.017734759,23.68687374,O3
2005-03,0.025651104,31.96137517,O3
2005-04,0.032338498,41.86678521,O3
2005-05,0.031597767,42.9868928,O3
2005-06,0.032634926,50.9284341,O3
2005-07,0.031586452,50.30461095,O3
2005-08,0.029571961,48.30864206,O3
2005-09,0.027001264,42.97081525,O3
2005-10,0.018856181,28.12143938,O3
2005-11,0.017258256,23.81136785,O3
2005-12,0.011934843,17.06995091,O3
2006-01,0.015400057,20.86980676,O3
2006-02,0.020314226,26.1785066,O3
2006-03,0.028443779,33.98916704,O3
2006-04,0.031495203,39.41495323,O3
2006-05,0.031520131,42.59286948,O3
2006-06,0.032981411,49.06157458,O3
2006-07,0.033015373,50.09898403,O3
2006-08,0.02952068,44.03062838,O3
2006-09,0.022268522,32.04349627,O3
2006-10,0.018962087,26.6730674,O3
2006-11,0.015392379,21.70596802,O3
2006-12,0.013668111,18.87978703,O3
2007-01,0.016063337,20.4619357,O3
2007-02,0.020674178,25.70014447,O3
2007-03,0.02732927,33.60091595,O3
2007-04,0.032210774,38.80847297,O3
2007-05,0.034192485,45.48207829,O3
2007-06,0.031987085,46.73965611,O3
2007-07,0.030524996,43.97067684,O3
2007-08,0.031151108,48.19777239,O3
2007-09,0.026556886,38.50132761,O3
2007-10,0.020582508,28.48754781,O3
2007-11,0.016709871,22.7074802,O3
2007-12,0.015074038,20.00886937,O3
2008-01,0.016898885,21.38083343,O3
2008-02,0.020220717,25.3778485,O3
2008-03,0.028647164,33.34161361,O3
2008-04,0.03246886,39.29312833,O3
2008-05,0.03233455,39.64039665,O3
2008-06,0.032109084,44.15517092,O3
2008-07,0.032344246,46.46788461,O3
2008-08,0.027237526,37.93733927,O3
2008-09,0.022680416,32.7025902,O3
2008-10,0.020473501,28.27832354,O3
2008-11,0.01766195,22.84600501,O3
2008-12,0.016399349,20.42626136,O3
2009-01,0.01803568,22.43784713,O3
2009-02,0.024719003,28.71235057,O3
2009-03,0.029085678,33.22887166,O3
2009-04,0.033924905,39.45461979,O3
2009-05,0.030257358,37.32387602,O3
2009-06,0.030446377,38.728516,O3
2009-07,0.029075224,37.84203232,O3
2009-08,0.027151871,37.3713946,O3
2009-09,0.023134535,31.69252384,O3
2009-10,0.017070095,22.35748879,O3
2009-11,0.017868721,23.6558086,O3
2009-12,0.0173077,21.30731,O3
2010-01,0.019468722,23.25713233,O3
2010-02,0.02388361,27.88172905,O3
2010-03,0.030419935,35.80114091,O3
2010-04,0.034145734,41.59862203,O3
2010-05,0.032097948,39.53663292,O3
2010-06,0.031100177,39.511195,O3
2010-07,0.030586369,41.71900518,O3
2010-08,0.030069728,41.72312613,O3
2010-09,0.026236748,36.41706578,O3
2010-10,0.02371759,32.70947498,O3
2010-11,0.019369785,24.92756805,O3
2010-12,0.019050754,22.73045014,O3
2011-01,0.019226878,23.60574176,O3
2011-02,0.024755402,29.35663011,O3
2011-03,0.029485206,33.4457175,O3
2011-04,0.032849369,37.14433249,O3
2011-05,0.032431459,38.72726595,O3
2011-06,0.034257264,45.50528624,O3
2011-07,0.034364232,47.72727724,O3
2011-08,0.031119671,42.82733851,O3
2011-09,0.025114005,34.5864752,O3
2011-10,0.021576821,29.09957977,O3
2011-11,0.018836838,24.23301975,O3
2011-12,0.014505535,19.42323409,O3
2012-01,0.017635377,22.13014408,O3
2012-02,0.022146386,26.72170866,O3
2012-03,0.028889578,34.10305189,O3
2012-04,0.034015511,39.70804672,O3
2012-05,0.035025331,43.90104824,O3
2012-06,0.036037751,47.99893785,O3
2012-07,0.035934659,49.36303757,O3
2012-08,0.03319266,47.6947163,O3
2012-09,0.026642797,35.5282375,O3
2012-10,0.021106528,27.35997156,O3
2012-11,0.01810667,24.09176374,O3
2012-12,0.018141606,22.391129,O3
2013-01,0.019695615,25.14195259,O3
2013-02,0.025544637,30.84005407,O3
2013-03,0.031910973,37.38959955,O3
2013-04,0.034703396,40.68830801,O3
2013-05,0.033005446,41.92279321,O3
2013-06,0.031218793,41.1375487,O3
2013-07,0.030895396,43.42452047,O3
2013-08,0.029358039,41.45359024,O3
2013-09,0.027448492,39.50575048,O3
2013-10,0.020308094,28.72611127,O3
2013-11,0.018872529,24.72716643,O3
2013-12,0.016153236,21.42457541,O3
2014-01,0.02073497,26.70944966,O3
2014-02,0.024467817,31.33608783,O3
2014-03,0.029496346,36.96781846,O3
2014-04,0.034219643,42.85814292,O3
2014-05,0.03327968,44.90492061,O3
2014-06,0.030958497,42.97682787,O3
2014-07,0.030698981,43.47857054,O3
2014-08,0.028963344,43.15778879,O3
2014-09,0.023761261,35.35835385,O3
2014-10,0.020948476,30.48835315,O3
2014-11,0.020431514,26.96571723,O3
2014-12,0.015350537,21.01388254,O3
2015-01,0.018463032,24.76469014,O3
2015-02,0.023331045,29.62410826,O3
2015-03,0.027325468,35.35337701,O3
2015-04,0.031514784,40.09948756,O3
2015-05,0.033230564,44.41434526,O3
2015-06,0.031190281,44.02985422,O3
2015-07,0.02944505,41.19873065,O3
2015-08,0.029625592,43.74274238,O3
2015-09,0.026503816,39.89044179,O3
2015-10,0.021590226,30.09555966,O3
2015-11,0.019548224,26.57477133,O3
2015-12,0.017292289,23.35859737,O3
2000-01,0.840023417,14.57237333,CO
2000-02,0.76834873,13.14571255,CO
2000-03,0.59562071,10.18031857,CO
2000-04,0.552494905,9.052730377,CO
2000-05,0.502198437,7.807365402,CO
2000-06,0.497009683,7.508062688,CO
2000-07,0.477829055,7.47049014,CO
2000-08,0.505526202,7.908750106,CO
2000-09,0.545773516,8.821369678,CO
2000-10,0.732903789,12.83974438,CO
2000-11,0.813868795,14.94630731,CO
2000-12,0.827227745,15.21683371,CO
2001-01,0.821791719,14.85403275,CO
2001-02,0.661924101,11.26014496,CO
2001-03,0.528438111,9.002471686,CO
2001-04,0.466639827,7.867715356,CO
2001-05,0.412452769,6.642578997,CO
2001-06,0.411989059,6.79210904,CO
2001-07,0.36454184,5.885746422,CO
2001-08,0.447920784,7.050594787,CO
2001-09,0.469504363,8.031362354,CO
2001-10,0.511828154,9.351382048,CO
2001-11,0.654405779,12.47737445,CO
2001-12,0.696020091,12.83793249,CO
2002-01,0.69854575,12.35443473,CO
2002-02,0.574345914,10.10299116,CO
2002-03,0.452722281,7.578682982,CO
2002-04,0.442303673,6.834215869,CO
2002-05,0.409803285,6.364420564,CO
2002-06,0.409622372,6.393890975,CO
2002-07,0.414690662,6.210728765,CO
2002-08,0.403658493,6.241758545,CO
2002-09,0.471838523,7.637826232,CO
2002-10,0.52987814,8.572293994,CO
2002-11,0.629416768,11.44872152,CO
2002-12,0.653879768,11.56553866,CO
2003-01,0.639735478,10.71976798,CO
2003-02,0.572888408,9.405919611,CO
2003-03,0.482869396,7.765731309,CO
2003-04,0.424837988,6.55398613,CO
2003-05,0.400446036,6.333484868,CO
2003-06,0.382820249,6.098391378,CO
2003-07,0.418054824,6.342935688,CO
2003-08,0.455723728,6.862177116,CO
2003-09,0.449403739,7.364090106,CO
2003-10,0.563514869,10.13434817,CO
2003-11,0.639966327,11.87502551,CO
2003-12,0.675355841,11.8704391,CO
2004-01,0.572465758,9.820262249,CO
2004-02,0.534712152,9.292838093,CO
2004-03,0.484384231,7.745991869,CO
2004-04,0.403344067,6.349790376,CO
2004-05,0.350102503,5.590651951,CO
2004-06,0.363276511,5.663270377,CO
2004-07,0.377091102,5.686646435,CO
2004-08,0.39576473,6.183018532,CO
2004-09,0.457305593,7.380168279,CO
2004-10,0.48097588,8.127186641,CO
2004-11,0.515451056,9.411227808,CO
2004-12,0.61438189,11.16064078,CO
2005-01,0.530024707,9.085057005,CO
2005-02,0.459406307,7.821776416,CO
2005-03,0.434544571,6.929545219,CO
2005-04,0.397016024,6.268658514,CO
2005-05,0.378887547,5.877504904,CO
2005-06,0.401760447,5.941251153,CO
2005-07,0.386996048,5.867433858,CO
2005-08,0.388705712,5.969879202,CO
2005-09,0.439191538,7.090717276,CO
2005-10,0.488213694,8.098345403,CO
2005-11,0.561182535,10.05655423,CO
2005-12,0.659321365,11.22837288,CO
2006-01,0.606907028,10.52733494,CO
2006-02,0.513682864,8.798323141,CO
2006-03,0.408482138,6.600318277,CO
2006-04,0.400688637,6.173356276,CO
2006-05,0.397312948,5.835931505,CO
2006-06,0.39780851,5.934694166,CO
2006-07,0.367808316,5.412083448,CO
2006-08,0.347193449,5.241350055,CO
2006-09,0.354033052,5.869973778,CO
2006-10,0.4317422,7.479468883,CO
2006-11,0.579478302,10.66800585,CO
2006-12,0.550308585,10.13213503,CO
2007-01,0.436724543,7.716365773,CO
2007-02,0.485707296,7.90302258,CO
2007-03,0.461240947,7.345105506,CO
2007-04,0.382870485,5.755542004,CO
2007-05,0.362763115,5.252811021,CO
2007-06,0.332134101,4.921185669,CO
2007-07,0.327503698,4.766316127,CO
2007-08,0.333207807,4.881618796,CO
2007-09,0.341172298,5.221158839,CO
2007-10,0.402936567,6.758158216,CO
2007-11,0.437666297,7.606202627,CO
2007-12,0.478181862,8.288331171,CO
2008-01,0.437668381,7.815315363,CO
2008-02,0.420717419,7.157686274,CO
2008-03,0.308825159,5.084515602,CO
2008-04,0.324885627,4.974097185,CO
2008-05,0.294915025,4.31344097,CO
2008-06,0.304025724,4.415346603,CO
2008-07,0.263975389,3.819616612,CO
2008-08,0.268029996,4.000308644,CO
2008-09,0.324013861,5.129953464,CO
2008-10,0.385726898,6.595634922,CO
2008-11,0.445894558,7.493562514,CO
2008-12,0.424315613,6.931397049,CO
2009-01,0.44155509,7.397812237,CO
2009-02,0.338820594,5.547831883,CO
2009-03,0.306577199,4.713946349,CO
2009-04,0.297107338,4.431818423,CO
2009-05,0.259144314,3.786237192,CO
2009-06,0.242464799,3.455788529,CO
2009-07,0.255757854,3.646313654,CO
2009-08,0.293056416,4.198489658,CO
2009-09,0.261249682,4.072714544,CO
2009-10,0.302804033,4.89056869,CO
2009-11,0.420958685,7.182603027,CO
2009-12,0.371841728,6.163873726,CO
2010-01,0.424855887,6.800992874,CO
2010-02,0.373960771,5.991128077,CO
2010-03,0.354336329,5.636794886,CO
2010-04,0.327217233,4.803601846,CO
2010-05,0.308274566,4.406629291,CO
2010-06,0.266984464,3.764992136,CO
2010-07,0.273395589,3.783397293,CO
2010-08,0.279052057,4.02359427,CO
2010-09,0.307534113,4.725199655,CO
2010-10,0.322856443,5.205760941,CO
2010-11,0.399277208,6.964254059,CO
2010-12,0.424875789,7.320794035,CO
2011-01,0.386787515,6.344029554,CO
2011-02,0.359436333,5.762776166,CO
2011-03,0.309875702,4.583413278,CO
2011-04,0.259912608,3.748326128,CO
2011-05,0.251492846,3.596101643,CO
2011-06,0.242264845,3.413337433,CO
2011-07,0.223622947,3.118477772,CO
2011-08,0.24449731,3.469220902,CO
2011-09,0.254576762,3.925468296,CO
2011-10,0.324812355,5.235368922,CO
2011-11,0.389347202,6.624038326,CO
2011-12,0.443084837,7.606883232,CO
2012-01,0.36922796,6.047287821,CO
2012-02,0.346491218,5.320582367,CO
2012-03,0.290426371,4.434885282,CO
2012-04,0.269248267,3.783554878,CO
2012-05,0.256098118,3.569249265,CO
2012-06,0.231948801,3.259578912,CO
2012-07,0.233267402,3.190530925,CO
2012-08,0.275449573,3.870202324,CO
2012-09,0.284966179,4.214099224,CO
2012-10,0.290140039,4.423021445,CO
2012-11,0.355099262,6.015168586,CO
2012-12,0.354067501,5.914540211,CO
2013-01,0.344387701,5.466218193,CO
2013-02,0.320123438,4.835560982,CO
2013-03,0.283839348,4.115361289,CO
2013-04,0.237692069,3.322383071,CO
2013-05,0.225770198,3.089310891,CO
2013-06,0.204602777,2.81617704,CO
2013-07,0.206571492,2.811647233,CO
2013-08,0.220563067,3.170870506,CO
2013-09,0.222992035,3.365508221,CO
2013-10,0.259215361,4.24710148,CO
2013-11,0.263880207,4.482866949,CO
2013-12,0.345303318,5.732391371,CO
2014-01,0.313305523,5.147517681,CO
2014-02,0.305533479,4.835964236,CO
2014-03,0.268387686,4.09303261,CO
2014-04,0.244311178,3.465456321,CO
2014-05,0.22043088,3.104979496,CO
2014-06,0.196083926,2.708648365,CO
2014-07,0.199149313,2.696458001,CO
2014-08,0.237742153,3.289574636,CO
2014-09,0.240378285,3.643098787,CO
2014-10,0.265009423,4.218529084,CO
2014-11,0.300466297,4.942893129,CO
2014-12,0.321165192,5.133780187,CO
2015-01,0.337061934,5.454380461,CO
2015-02,0.304188988,4.813640067,CO
2015-03,0.28576844,4.404518298,CO
2015-04,0.241880572,3.502812135,CO
2015-05,0.22033269,3.003496293,CO
2015-06,0.210792879,2.853410356,CO
2015-07,0.234361966,3.286274371,CO
2015-08,0.239582153,3.30339028,CO
2015-09,0.242445011,3.511177057,CO
2015-10,0.259492368,4.06049261,CO
2015-11,0.309354552,5.152960909,CO
2015-12,0.320505076,5.267302501,CO