"","period","emissions","AQI","type"
"1","2000-01",22.5441708587422,35.44,"NO2"
"2","2000-02",24.3460332793618,39.97,"NO2"
"3","2000-03",18.9606891592873,34.25,"NO2"
"4","2000-04",16.2936485828765,31.86,"NO2"
"5","2000-05",14.9751927894525,29.72,"NO2"
"6","2000-06",14.475492919075,28.84,"NO2"
"7","2000-07",14.4031190905705,28.84,"NO2"
"8","2000-08",15.6698542688321,31.2,"NO2"
"9","2000-09",15.5420734731909,29.05,"NO2"
"10","2000-10",20.6402052351009,35.38,"NO2"
"11","2000-11",21.8773490734595,35.07,"NO2"
"12","2000-12",23.065648685398,35.3,"NO2"
"13","2001-01",25.4372769243236,38.28,"NO2"
"14","2001-02",21.3026087911728,34.43,"NO2"
"15","2001-03",19.6996325674962,34.63,"NO2"
"16","2001-04",17.5256595652366,34.17,"NO2"
"17","2001-05",16.9840044030871,32.68,"NO2"
"18","2001-06",16.3162147470162,32,"NO2"
"19","2001-07",15.0692193717365,28.96,"NO2"
"20","2001-08",16.8144467929455,31.81,"NO2"
"21","2001-09",16.5189431810563,30.85,"NO2"
"22","2001-10",18.3222968152794,32.5,"NO2"
"23","2001-11",20.6078238570192,33.55,"NO2"
"24","2001-12",21.8167218485632,33.48,"NO2"
"25","2002-01",23.3271325116067,35.51,"NO2"
"26","2002-02",21.5615257100721,36.3,"NO2"
"27","2002-03",17.2468483742629,30.97,"NO2"
"28","2002-04",14.4071445693332,28.23,"NO2"
"29","2002-05",13.8933412131011,27.59,"NO2"
"30","2002-06",14.1217475310157,28.55,"NO2"
"31","2002-07",13.5379934205427,26.93,"NO2"
"32","2002-08",14.1186469377889,27.58,"NO2"
"33","2002-09",14.7636754153706,28.47,"NO2"
"34","2002-10",15.4866389466313,25.96,"NO2"
"35","2002-11",19.8486624920549,31.69,"NO2"
"36","2002-12",21.7083499447628,32.86,"NO2"
"37","2003-01",21.4922667413117,33.39,"NO2"
"38","2003-02",20.7912502420917,33.89,"NO2"
"39","2003-03",16.5525976243245,29.15,"NO2"
"40","2003-04",14.0271885884082,27.03,"NO2"
"41","2003-05",14.018651473859,26.84,"NO2"
"42","2003-06",13.8372117749068,27.51,"NO2"
"43","2003-07",13.351530447013,25.93,"NO2"
"44","2003-08",13.6828044134505,25.79,"NO2"
"45","2003-09",14.7960674281905,27.48,"NO2"
"46","2003-10",18.729751068296,32.46,"NO2"
"47","2003-11",19.2992094937681,31.28,"NO2"
"48","2003-12",20.9806705213578,33.09,"NO2"
"49","2004-01",20.2606004681246,31.63,"NO2"
"50","2004-02",21.458756398613,35.1,"NO2"
"51","2004-03",17.2198871653833,31.39,"NO2"
"52","2004-04",14.5019866827239,29.09,"NO2"
"53","2004-05",12.6490540530939,25.5,"NO2"
"54","2004-06",12.9667892410666,25.26,"NO2"
"55","2004-07",12.5990813279526,24.75,"NO2"
"56","2004-08",13.3839006984722,25.23,"NO2"
"57","2004-09",15.8612104222277,29.93,"NO2"
"58","2004-10",15.572811117204,27.01,"NO2"
"59","2004-11",17.802618427334,28.14,"NO2"
"60","2004-12",20.1300320251291,31.03,"NO2"
"61","2005-01",18.7674848428489,29.17,"NO2"
"62","2005-02",18.4394735515017,30.62,"NO2"
"63","2005-03",18.076194422207,33.12,"NO2"
"64","2005-04",15.7190456453555,32.11,"NO2"
"65","2005-05",13.7401541972291,27.81,"NO2"
"66","2005-06",12.9503538926545,26.16,"NO2"
"67","2005-07",12.2668492385797,24.39,"NO2"
"68","2005-08",14.0834210040439,27.04,"NO2"
"69","2005-09",15.3299360113361,29.84,"NO2"
"70","2005-10",15.7029580867367,27.62,"NO2"
"71","2005-11",18.3428601568578,30.34,"NO2"
"72","2005-12",22.2157961077947,33.37,"NO2"
"73","2006-01",18.1040812631508,29.77,"NO2"
"74","2006-02",18.5221488300662,31.92,"NO2"
"75","2006-03",14.6239661879803,27.43,"NO2"
"76","2006-04",13.2575246469379,27.96,"NO2"
"77","2006-05",12.7156063738768,26.26,"NO2"
"78","2006-06",12.5400836786212,25.8,"NO2"
"79","2006-07",11.5869384685581,22.9,"NO2"
"80","2006-08",11.5397254630638,23.13,"NO2"
"81","2006-09",12.5241681307908,24.14,"NO2"
"82","2006-10",14.3893181033747,26.4,"NO2"
"83","2006-11",18.6782222005166,31.01,"NO2"
"84","2006-12",18.8306031862522,29.77,"NO2"
"85","2007-01",16.0267424155391,26.87,"NO2"
"86","2007-02",17.2222539634822,29.04,"NO2"
"87","2007-03",14.9934350757524,28.93,"NO2"
"88","2007-04",11.557785963744,24.44,"NO2"
"89","2007-05",11.2067876793867,22.94,"NO2"
"90","2007-06",10.5764586665174,21.72,"NO2"
"91","2007-07",9.72763725901645,20.12,"NO2"
"92","2007-08",10.2933955179756,21.22,"NO2"
"93","2007-09",11.0414491682633,22.44,"NO2"
"94","2007-10",12.9811578230882,24.38,"NO2"
"95","2007-11",15.8208300329243,26.54,"NO2"
"96","2007-12",16.8338530467766,27.17,"NO2"
"97","2008-01",16.4488046523394,27.94,"NO2"
"98","2008-02",16.2526374482427,28.39,"NO2"
"99","2008-03",13.842501005114,26.93,"NO2"
"100","2008-04",11.3483728638661,24.35,"NO2"
"101","2008-05",9.80710592689918,21.82,"NO2"
"102","2008-06",9.21035632223456,19.76,"NO2"
"103","2008-07",8.91981462371955,18.98,"NO2"
"104","2008-08",9.02916032613288,19.12,"NO2"
"105","2008-09",10.3608410019099,21.02,"NO2"
"106","2008-10",12.5598103293218,23.87,"NO2"
"107","2008-11",13.7008842343877,23.94,"NO2"
"108","2008-12",13.6606554116859,23.41,"NO2"
"109","2009-01",15.9659173173546,27.79,"NO2"
"110","2009-02",13.4591080775359,25.43,"NO2"
"111","2009-03",11.7671709864643,23.5,"NO2"
"112","2009-04",10.1947071757377,22.01,"NO2"
"113","2009-05",8.35132667220144,17.79,"NO2"
"114","2009-06",7.85543276588612,16.64,"NO2"
"115","2009-07",7.60614360084621,16.21,"NO2"
"116","2009-08",8.20120860772276,17.2,"NO2"
"117","2009-09",9.1312013883732,18.44,"NO2"
"118","2009-10",9.93230979728243,18.52,"NO2"
"119","2009-11",13.0175095455593,22.82,"NO2"
"120","2009-12",13.7058089222583,23.04,"NO2"
"121","2010-01",14.4854088917393,24.65,"NO2"
"122","2010-02",13.8744297569778,25.35,"NO2"
"123","2010-03",12.1408932026785,25.07,"NO2"
"124","2010-04",9.86658069857053,22.13,"NO2"
"125","2010-05",8.28779760594518,18.07,"NO2"
"126","2010-06",7.97889588667618,16.72,"NO2"
"127","2010-07",7.82313786531397,16.66,"NO2"
"128","2010-08",8.67772191352484,18.26,"NO2"
"129","2010-09",9.75462126920162,20.23,"NO2"
"130","2010-10",11.6143809159252,23.23,"NO2"
"131","2010-11",12.7601301099126,23.28,"NO2"
"132","2010-12",14.6547320890365,24.48,"NO2"
"133","2011-01",16.6063816839935,27.61,"NO2"
"134","2011-02",14.6096264559137,27.29,"NO2"
"135","2011-03",11.3298853303806,23.49,"NO2"
"136","2011-04",9.02418982369929,20.43,"NO2"
"137","2011-05",8.5410028201974,18.5,"NO2"
"138","2011-06",8.52936049346241,18.14,"NO2"
"139","2011-07",8.225004165906,17.36,"NO2"
"140","2011-08",9.30977403942857,19.29,"NO2"
"141","2011-09",9.96875775408486,20.29,"NO2"
"142","2011-10",12.5810051752868,24,"NO2"
"143","2011-11",14.091188769199,24.98,"NO2"
"144","2011-12",16.0575725414748,26.2,"NO2"
"145","2012-01",14.5200361934859,25.1,"NO2"
"146","2012-02",13.6285061307209,25.13,"NO2"
"147","2012-03",10.952156678161,22.86,"NO2"
"148","2012-04",9.00120763907148,20.28,"NO2"
"149","2012-05",8.59023287028248,19.08,"NO2"
"150","2012-06",7.8758812856195,17.47,"NO2"
"151","2012-07",7.76736259188089,16.15,"NO2"
"152","2012-08",9.13150772444573,19.01,"NO2"
"153","2012-09",9.73258760571251,20.04,"NO2"
"154","2012-10",10.8255851607619,20.59,"NO2"
"155","2012-11",14.4063310480763,24.93,"NO2"
"156","2012-12",12.9281283147145,22.25,"NO2"
"157","2013-01",14.1409888901545,23.95,"NO2"
"158","2013-02",12.431381811448,23.41,"NO2"
"159","2013-03",10.3824445828805,21.79,"NO2"
"160","2013-04",8.35786262913291,18.82,"NO2"
"161","2013-05",7.59249989609033,16.56,"NO2"
"162","2013-06",7.00073563309323,15,"NO2"
"163","2013-07",7.06478525317809,14.37,"NO2"
"164","2013-08",8.44603584294335,17.09,"NO2"
"165","2013-09",8.82871131370663,18.33,"NO2"
"166","2013-10",10.8996882907947,20.65,"NO2"
"167","2013-11",11.7015982029679,21.1,"NO2"
"168","2013-12",15.0319243151671,24.42,"NO2"
"169","2014-01",14.0492214294584,25.02,"NO2"
"170","2014-02",13.9450832372192,25.77,"NO2"
"171","2014-03",11.1757263383498,23.12,"NO2"
"172","2014-04",8.49764869537859,19.6,"NO2"
"173","2014-05",7.68874580072863,17.41,"NO2"
"174","2014-06",6.71082142833171,14.67,"NO2"
"175","2014-07",6.4635798263052,13.84,"NO2"
"176","2014-08",7.35423450571837,15.65,"NO2"
"177","2014-09",8.54700156828307,18.09,"NO2"
"178","2014-10",9.94347766159785,19.53,"NO2"
"179","2014-11",11.6115270505385,21.16,"NO2"
"180","2014-12",11.9611174389548,19.86,"NO2"
"181","2015-01",13.586266740862,23.43,"NO2"
"182","2015-02",12.8501494185489,24.21,"NO2"
"183","2015-03",11.6475659389982,23.19,"NO2"
"184","2015-04",8.33977912881134,19.01,"NO2"
"185","2015-05",7.01747716542393,15.25,"NO2"
"186","2015-06",6.59990974404905,14.04,"NO2"
"187","2015-07",6.53986591176902,13.95,"NO2"
"188","2015-08",6.86545188880695,14.99,"NO2"
"189","2015-09",7.88840642903427,16.63,"NO2"
"190","2015-10",8.85388817096807,17.57,"NO2"
"191","2015-11",10.6366226673097,19.68,"NO2"
"192","2015-12",11.7580784293034,20.1,"NO2"
"193","2000-01",5.84349399226768,20.08,"SO2"
"194","2000-02",5.52491613747309,20.36,"SO2"
"195","2000-03",3.94638153351779,15.97,"SO2"
"196","2000-04",3.64170102782786,16.04,"SO2"
"197","2000-05",3.55493409605552,15.6,"SO2"
"198","2000-06",3.85992324507339,17.28,"SO2"
"199","2000-07",3.69374783114113,16.87,"SO2"
"200","2000-08",3.70257614073516,16.73,"SO2"
"201","2000-09",4.19096673899813,17.73,"SO2"
"202","2000-10",5.10851414223201,18.75,"SO2"
"203","2000-11",5.00342995084518,17.6,"SO2"
"204","2000-12",6.847297393552,22.22,"SO2"
"205","2001-01",6.64766401080499,22.73,"SO2"
"206","2001-02",4.23177827476956,16.59,"SO2"
"207","2001-03",3.96799414997404,16.54,"SO2"
"208","2001-04",3.72128561002498,15.79,"SO2"
"209","2001-05",3.28815800749872,15.11,"SO2"
"210","2001-06",3.35517099391142,16.48,"SO2"
"211","2001-07",3.56111330633604,17.08,"SO2"
"212","2001-08",3.60478319772675,18.06,"SO2"
"213","2001-09",2.84165641911458,14.02,"SO2"
"214","2001-10",3.01006114944478,13.89,"SO2"
"215","2001-11",3.83142521874847,15.9,"SO2"
"216","2001-12",3.8485842684154,15.81,"SO2"
"217","2002-01",4.70107213863729,18.42,"SO2"
"218","2002-02",3.76028857922412,16.27,"SO2"
"219","2002-03",3.42461862878538,14.11,"SO2"
"220","2002-04",2.45594806365557,11.76,"SO2"
"221","2002-05",2.39653381605004,11.78,"SO2"
"222","2002-06",2.59726492147805,13.02,"SO2"
"223","2002-07",2.49953135587741,12.03,"SO2"
"224","2002-08",2.58251706492296,12.67,"SO2"
"225","2002-09",2.45193116050413,11.11,"SO2"
"226","2002-10",2.78825905105849,11.11,"SO2"
"227","2002-11",3.80692371001697,14.82,"SO2"
"228","2002-12",4.85619876844845,17.45,"SO2"
"229","2003-01",5.3725723628546,18.3,"SO2"
"230","2003-02",4.97108327640308,17.14,"SO2"
"231","2003-03",3.23666731938313,12.86,"SO2"
"232","2003-04",2.8020586178683,13.17,"SO2"
"233","2003-05",2.5026745436728,12.51,"SO2"
"234","2003-06",2.96005050250804,13.77,"SO2"
"235","2003-07",3.23395411474184,15.15,"SO2"
"236","2003-08",3.03977125005745,14.25,"SO2"
"237","2003-09",2.64765826641267,12.69,"SO2"
"238","2003-10",3.55388357000905,15.04,"SO2"
"239","2003-11",4.12263737823401,14.23,"SO2"
"240","2003-12",4.89963808759112,16.99,"SO2"
"241","2004-01",5.41964114512619,17.72,"SO2"
"242","2004-02",4.61280441970441,17.07,"SO2"
"243","2004-03",3.32713075638952,13.98,"SO2"
"244","2004-04",3.14837429886618,13.46,"SO2"
"245","2004-05",2.85630249635674,12.86,"SO2"
"246","2004-06",3.0121561168234,13.74,"SO2"
"247","2004-07",2.73299724046549,12.28,"SO2"
"248","2004-08",2.47465586826882,12.32,"SO2"
"249","2004-09",2.66045228654852,12.13,"SO2"
"250","2004-10",2.80919637134375,12.43,"SO2"
"251","2004-11",3.62731321313809,13.89,"SO2"
"252","2004-12",4.71910976384448,17.25,"SO2"
"253","2005-01",4.02655432135217,15.14,"SO2"
"254","2005-02",3.94355645339885,14.68,"SO2"
"255","2005-03",3.68980282156222,14.24,"SO2"
"256","2005-04",2.89645089032607,13.43,"SO2"
"257","2005-05",2.5729650541011,11.84,"SO2"
"258","2005-06",2.84204269963426,13.46,"SO2"
"259","2005-07",2.47831214926327,11.75,"SO2"
"260","2005-08",2.68735656883709,13.52,"SO2"
"261","2005-09",2.7687965477894,14.06,"SO2"
"262","2005-10",2.79435631481308,12.91,"SO2"
"263","2005-11",3.69310291901106,14.23,"SO2"
"264","2005-12",5.02937846221706,16.99,"SO2"
"265","2006-01",3.67507225407944,13.52,"SO2"
"266","2006-02",3.81069969483539,13.02,"SO2"
"267","2006-03",2.67519826844645,10.23,"SO2"
"268","2006-04",2.77517534592549,11.43,"SO2"
"269","2006-05",3.23297460608863,11.7,"SO2"
"270","2006-06",2.48420920960375,11.09,"SO2"
"271","2006-07",2.54875119966932,12.39,"SO2"
"272","2006-08",2.29084543310289,11.2,"SO2"
"273","2006-09",2.26708778619119,10.31,"SO2"
"274","2006-10",2.42874949820622,9.86,"SO2"
"275","2006-11",2.95127676316606,11.51,"SO2"
"276","2006-12",3.70852104758003,13.42,"SO2"
"277","2007-01",3.25665049659223,11.21,"SO2"
"278","2007-02",4.21619678419799,13.76,"SO2"
"279","2007-03",2.73633529932317,10.77,"SO2"
"280","2007-04",2.15373251013461,9.62,"SO2"
"281","2007-05",1.8995203571617,8.37,"SO2"
"282","2007-06",2.03040001872484,8.78,"SO2"
"283","2007-07",2.19689984535822,9.22,"SO2"
"284","2007-08",2.1955729559061,9.83,"SO2"
"285","2007-09",2.21551664988707,9.69,"SO2"
"286","2007-10",2.20078230817846,9.06,"SO2"
"287","2007-11",2.61445608466286,10.49,"SO2"
"288","2007-12",2.58400754493352,9.06,"SO2"
"289","2008-01",3.08938918789886,10.89,"SO2"
"290","2008-02",2.72937594037221,10.64,"SO2"
"291","2008-03",2.05532016379305,7.99,"SO2"
"292","2008-04",1.68042639055007,7.42,"SO2"
"293","2008-05",1.57547126229076,6.84,"SO2"
"294","2008-06",1.73964588703173,7.58,"SO2"
"295","2008-07",1.8105058384361,7.77,"SO2"
"296","2008-08",1.71306394530786,7.66,"SO2"
"297","2008-09",1.69257368736146,6.7,"SO2"
"298","2008-10",2.00112326155211,7.85,"SO2"
"299","2008-11",2.32898474037685,8.31,"SO2"
"300","2008-12",2.51180950972068,8.72,"SO2"
"301","2009-01",3.62181496158786,11.47,"SO2"
"302","2009-02",2.704064053096,9.19,"SO2"
"303","2009-03",1.98386307816974,7.2,"SO2"
"304","2009-04",1.90270256653327,7.39,"SO2"
"305","2009-05",1.57077136396328,5.98,"SO2"
"306","2009-06",1.32334183540869,5.77,"SO2"
"307","2009-07",1.16863302330191,5.21,"SO2"
"308","2009-08",1.19397074800355,5.73,"SO2"
"309","2009-09",1.17586902410543,4.59,"SO2"
"310","2009-10",1.43712183955775,4.97,"SO2"
"311","2009-11",1.73478427654599,6.63,"SO2"
"312","2009-12",2.02609631579109,6.96,"SO2"
"313","2010-01",2.37312602943097,7.75,"SO2"
"314","2010-02",2.03041974427574,7.07,"SO2"
"315","2010-03",1.43192030213525,5.78,"SO2"
"316","2010-04",1.25095176499192,4.6,"SO2"
"317","2010-05",0.951741860211754,3.69,"SO2"
"318","2010-06",1.16405685857121,4.4,"SO2"
"319","2010-07",1.3147024346597,4.78,"SO2"
"320","2010-08",1.28924608494258,4.52,"SO2"
"321","2010-09",1.36974035264554,4.37,"SO2"
"322","2010-10",1.39233884794107,5.07,"SO2"
"323","2010-11",1.60776936437811,4.55,"SO2"
"324","2010-12",2.04360150693736,6.41,"SO2"
"325","2011-01",2.16069311998566,7.21,"SO2"
"326","2011-02",1.85146856402864,6.25,"SO2"
"327","2011-03",1.34132249559114,4.6,"SO2"
"328","2011-04",1.21834538176999,4.22,"SO2"
"329","2011-05",1.16311229531316,4.07,"SO2"
"330","2011-06",1.16974102909116,4.46,"SO2"
"331","2011-07",1.15615172924379,4.83,"SO2"
"332","2011-08",1.25855028092408,5,"SO2"
"333","2011-09",1.01044916137199,3.85,"SO2"
"334","2011-10",1.15066626948597,4,"SO2"
"335","2011-11",1.18516577843676,4.07,"SO2"
"336","2011-12",1.44728263358723,4.99,"SO2"
"337","2012-01",1.40747337325382,5.15,"SO2"
"338","2012-02",1.26904889667503,4.83,"SO2"
"339","2012-03",0.913969231791143,3.61,"SO2"
"340","2012-04",0.819310907079559,3.47,"SO2"
"341","2012-05",0.792487643213573,3.42,"SO2"
"342","2012-06",0.865127792813307,3.82,"SO2"
"343","2012-07",0.931211451423413,3.76,"SO2"
"344","2012-08",0.846363475640284,3.4,"SO2"
"345","2012-09",0.684149022379651,2.43,"SO2"
"346","2012-10",0.770146947852277,2.65,"SO2"
"347","2012-11",1.20898559559787,4.1,"SO2"
"348","2012-12",1.07437902120038,3.46,"SO2"
"349","2013-01",1.39210040492446,4.62,"SO2"
"350","2013-02",1.13456875105702,4.12,"SO2"
"351","2013-03",0.973245212411449,3.51,"SO2"
"352","2013-04",0.759448423250381,2.73,"SO2"
"353","2013-05",0.634382180155404,2.12,"SO2"
"354","2013-06",0.645807042344005,2.25,"SO2"
"355","2013-07",0.686252860411832,2.47,"SO2"
"356","2013-08",0.738159679051381,3.1,"SO2"
"357","2013-09",0.659219240319257,2.6,"SO2"
"358","2013-10",0.789408363144535,3.2,"SO2"
"359","2013-11",0.976296910312713,3.81,"SO2"
"360","2013-12",1.27457905336777,4.89,"SO2"
"361","2014-01",1.4183961672841,5.26,"SO2"
"362","2014-02",1.37631044140358,5.61,"SO2"
"363","2014-03",1.0392256230635,4.31,"SO2"
"364","2014-04",0.742387156395029,3.1,"SO2"
"365","2014-05",0.718382526207088,2.81,"SO2"
"366","2014-06",0.678778069066064,2.47,"SO2"
"367","2014-07",0.78203753006182,2.68,"SO2"
"368","2014-08",0.767875467558878,2.91,"SO2"
"369","2014-09",0.777905428069255,3.13,"SO2"
"370","2014-10",0.890662563066399,3.55,"SO2"
"371","2014-11",1.30791575921976,4.47,"SO2"
"372","2014-12",1.20694248782726,3.64,"SO2"
"373","2015-01",1.25722765636751,4.11,"SO2"
"374","2015-02",1.53553916495794,5.03,"SO2"
"375","2015-03",1.01825299111692,3.8,"SO2"
"376","2015-04",0.777050621976815,2.73,"SO2"
"377","2015-05",0.737215232977105,2.39,"SO2"
"378","2015-06",0.64429868944906,2.33,"SO2"
"379","2015-07",0.656481570875367,2.28,"SO2"
"380","2015-08",0.717639118120289,2.55,"SO2"
"381","2015-09",0.763416043080008,2.28,"SO2"
"382","2015-10",0.707953119309632,2.34,"SO2"
"383","2015-11",0.773179618385524,2.24,"SO2"
"384","2015-12",0.878631480975201,2.28,"SO2"
"385","2000-01",0.0133716169586867,19.14,"O3"
"386","2000-02",0.0171252351774619,24.77,"O3"
"387","2000-03",0.0232831458407708,31.26,"O3"
"388","2000-04",0.0273252014971944,37.13,"O3"
"389","2000-05",0.0315298016879945,45.62,"O3"
"390","2000-06",0.0298464204876078,46.31,"O3"
"391","2000-07",0.0319369810324966,50.95,"O3"
"392","2000-08",0.0301655139490397,50.29,"O3"
"393","2000-09",0.022468171616019,35.6,"O3"
"394","2000-10",0.0184555122629693,29.33,"O3"
"395","2000-11",0.0120903449924993,18.62,"O3"
"396","2000-12",0.0110038603703922,15.96,"O3"
"397","2001-01",0.011065696490546,16.44,"O3"
"398","2001-02",0.0152928312183944,21.13,"O3"
"399","2001-03",0.0226854738143276,30.09,"O3"
"400","2001-04",0.0297511797071951,39.48,"O3"
"401","2001-05",0.0320129758190788,46.06,"O3"
"402","2001-06",0.0323041178777486,53.33,"O3"
"403","2001-07",0.0319153261623735,50.42,"O3"
"404","2001-08",0.0306763909290358,52.66,"O3"
"405","2001-09",0.023258317552146,36.72,"O3"
"406","2001-10",0.0218656638778374,30.78,"O3"
"407","2001-11",0.0166273258299666,23.38,"O3"
"408","2001-12",0.0125792958966902,17.41,"O3"
"409","2002-01",0.0124697579606508,18.01,"O3"
"410","2002-02",0.0191806623995846,25.68,"O3"
"411","2002-03",0.0242268037259907,30.3,"O3"
"412","2002-04",0.0298652482262116,37.63,"O3"
"413","2002-05",0.0320326222921851,42.48,"O3"
"414","2002-06",0.0349662440516889,57.04,"O3"
"415","2002-07",0.03536833143804,59.86,"O3"
"416","2002-08",0.0337069695731589,57.01,"O3"
"417","2002-09",0.0274377361588945,43.9,"O3"
"418","2002-10",0.0181236437612965,25.46,"O3"
"419","2002-11",0.0148983099116317,21.07,"O3"
"420","2002-12",0.0137974718041931,19.33,"O3"
"421","2003-01",0.0142312077799777,19.34,"O3"
"422","2003-02",0.0173598166759795,22.62,"O3"
"423","2003-03",0.0248171154432084,31.64,"O3"
"424","2003-04",0.0322964863438295,41.42,"O3"
"425","2003-05",0.0286918872418457,38.59,"O3"
"426","2003-06",0.0330001922042355,50.44,"O3"
"427","2003-07",0.0316842382566768,48.25,"O3"
"428","2003-08",0.0291861565842012,46.3,"O3"
"429","2003-09",0.0235446616144146,35.03,"O3"
"430","2003-10",0.0192963491619302,29.44,"O3"
"431","2003-11",0.0136474995989262,20.06,"O3"
"432","2003-12",0.0134223603338439,18.61,"O3"
"433","2004-01",0.0140571454344299,19.49,"O3"
"434","2004-02",0.0182325954818168,24.8,"O3"
"435","2004-03",0.0248599441418491,31.42,"O3"
"436","2004-04",0.0312140102946809,39.8,"O3"
"437","2004-05",0.0297568382681058,39.74,"O3"
"438","2004-06",0.0285260809590902,40.13,"O3"
"439","2004-07",0.0295171220722872,44.38,"O3"
"440","2004-08",0.0260425555798253,38.97,"O3"
"441","2004-09",0.0237184241755385,36.4,"O3"
"442","2004-10",0.016695196274892,24.52,"O3"
"443","2004-11",0.0134990972618186,18.95,"O3"
"444","2004-12",0.0122350542088008,17.32,"O3"
"445","2005-01",0.0127229529209662,17.81,"O3"
"446","2005-02",0.017734758806665,23.69,"O3"
"447","2005-03",0.0256511038422508,31.96,"O3"
"448","2005-04",0.0323384977749343,41.87,"O3"
"449","2005-05",0.0315977666584623,42.99,"O3"
"450","2005-06",0.032634926259301,50.93,"O3"
"451","2005-07",0.0315864521004884,50.3,"O3"
"452","2005-08",0.0295719607457457,48.31,"O3"
"453","2005-09",0.0270012641719693,42.97,"O3"
"454","2005-10",0.0188561806105987,28.12,"O3"
"455","2005-11",0.0172582559021574,23.81,"O3"
"456","2005-12",0.0119348426688873,17.07,"O3"
"457","2006-01",0.0154000574879227,20.87,"O3"
"458","2006-02",0.0203142261979559,26.18,"O3"
"459","2006-03",0.0284437788109052,33.99,"O3"
"460","2006-04",0.0314952026263397,39.41,"O3"
"461","2006-05",0.0315201314112248,42.59,"O3"
"462","2006-06",0.0329814113493777,49.06,"O3"
"463","2006-07",0.0330153732666265,50.1,"O3"
"464","2006-08",0.0295206803386479,44.03,"O3"
"465","2006-09",0.0222685216824661,32.04,"O3"
"466","2006-10",0.0189620874112852,26.67,"O3"
"467","2006-11",0.0153923794632577,21.71,"O3"
"468","2006-12",0.0136681109400099,18.88,"O3"
"469","2007-01",0.0160633370059445,20.46,"O3"
"470","2007-02",0.0206741777831539,25.7,"O3"
"471","2007-03",0.0273292704437495,33.6,"O3"
"472","2007-04",0.0322107739628618,38.81,"O3"
"473","2007-05",0.0341924847624362,45.48,"O3"
"474","2007-06",0.0319870850538509,46.74,"O3"
"475","2007-07",0.0305249959429753,43.97,"O3"
"476","2007-08",0.0311511084101513,48.2,"O3"
"477","2007-09",0.02655688617694,38.5,"O3"
"478","2007-10",0.02058250828419,28.49,"O3"
"479","2007-11",0.016709871329701,22.71,"O3"
"480","2007-12",0.0150740384469159,20.01,"O3"
"481","2008-01",0.0168988845180334,21.38,"O3"
"482","2008-02",0.0202207165340303,25.38,"O3"
"483","2008-03",0.0286471643463156,33.34,"O3"
"484","2008-04",0.0324688599038444,39.29,"O3"
"485","2008-05",0.0323345496007425,39.64,"O3"
"486","2008-06",0.0321090843349541,44.16,"O3"
"487","2008-07",0.0323442458535664,46.47,"O3"
"488","2008-08",0.0272375263987076,37.94,"O3"
"489","2008-09",0.022680415590246,32.7,"O3"
"490","2008-10",0.0204735008038465,28.28,"O3"
"491","2008-11",0.0176619497352188,22.85,"O3"
"492","2008-12",0.0163993494451674,20.43,"O3"
"493","2009-01",0.0180356796674242,22.44,"O3"
"494","2009-02",0.0247190026048194,28.71,"O3"
"495","2009-03",0.0290856778253876,33.23,"O3"
"496","2009-04",0.0339249046797521,39.45,"O3"
"497","2009-05",0.030257358289873,37.32,"O3"
"498","2009-06",0.0304463773887938,38.73,"O3"
"499","2009-07",0.0290752235637812,37.84,"O3"
"500","2009-08",0.0271518707368326,37.37,"O3"
"501","2009-09",0.0231345354221792,31.69,"O3"
"502","2009-10",0.0170700948553627,22.36,"O3"
"503","2009-11",0.0178687205200858,23.66,"O3"
"504","2009-12",0.0173077003445272,21.31,"O3"
"505","2010-01",0.0194687224825511,23.26,"O3"
"506","2010-02",0.0238836095035097,27.88,"O3"
"507","2010-03",0.0304199346180811,35.8,"O3"
"508","2010-04",0.0341457336545334,41.6,"O3"
"509","2010-05",0.0320979476669713,39.54,"O3"
"510","2010-06",0.0311001773245039,39.51,"O3"
"511","2010-07",0.0305863692731143,41.72,"O3"
"512","2010-08",0.0300697284805477,41.72,"O3"
"513","2010-09",0.0262367476079591,36.42,"O3"
"514","2010-10",0.0237175904678137,32.71,"O3"
"515","2010-11",0.0193697852466356,24.93,"O3"
"516","2010-12",0.0190507537164905,22.73,"O3"
"517","2011-01",0.0192268780001033,23.61,"O3"
"518","2011-02",0.024755401597898,29.36,"O3"
"519","2011-03",0.0294852055152696,33.45,"O3"
"520","2011-04",0.0328493690773454,37.14,"O3"
"521","2011-05",0.0324314594781479,38.73,"O3"
"522","2011-06",0.0342572635931286,45.51,"O3"
"523","2011-07",0.034364232239811,47.73,"O3"
"524","2011-08",0.0311196713087509,42.83,"O3"
"525","2011-09",0.0251140049661409,34.59,"O3"
"526","2011-10",0.0215768213938875,29.1,"O3"
"527","2011-11",0.0188368381932333,24.23,"O3"
"528","2011-12",0.0145055346312521,19.42,"O3"
"529","2012-01",0.0176353773690269,22.13,"O3"
"530","2012-02",0.0221463856299341,26.72,"O3"
"531","2012-03",0.0288895775799641,34.1,"O3"
"532","2012-04",0.0340155110897138,39.71,"O3"
"533","2012-05",0.0350253306966214,43.9,"O3"
"534","2012-06",0.0360377513342356,48,"O3"
"535","2012-07",0.0359346585729374,49.36,"O3"
"536","2012-08",0.0331926595012523,47.69,"O3"
"537","2012-09",0.0266427972295092,35.53,"O3"
"538","2012-10",0.0211065276914035,27.36,"O3"
"539","2012-11",0.0181066698367576,24.09,"O3"
"540","2012-12",0.0181416064836135,22.39,"O3"
"541","2013-01",0.0196956149593181,25.14,"O3"
"542","2013-02",0.0255446372588392,30.84,"O3"
"543","2013-03",0.0319109729264613,37.39,"O3"
"544","2013-04",0.0347033958263724,40.69,"O3"
"545","2013-05",0.033005445953933,41.92,"O3"
"546","2013-06",0.0312187934891954,41.14,"O3"
"547","2013-07",0.0308953955495537,43.42,"O3"
"548","2013-08",0.0293580393956443,41.45,"O3"
"549","2013-09",0.0274484919264743,39.51,"O3"
"550","2013-10",0.0203080937540049,28.73,"O3"
"551","2013-11",0.0188725288634259,24.73,"O3"
"552","2013-12",0.0161532359371769,21.42,"O3"
"553","2014-01",0.0207349704758698,26.71,"O3"
"554","2014-02",0.0244678168707768,31.34,"O3"
"555","2014-03",0.0294963460188022,36.97,"O3"
"556","2014-04",0.0342196431754723,42.86,"O3"
"557","2014-05",0.0332796802691437,44.9,"O3"
"558","2014-06",0.0309584967178736,42.98,"O3"
"559","2014-07",0.0306989811408281,43.48,"O3"
"560","2014-08",0.0289633437889306,43.16,"O3"
"561","2014-09",0.0237612613291357,35.36,"O3"
"562","2014-10",0.0209484758555727,30.49,"O3"
"563","2014-11",0.0204315139738683,26.97,"O3"
"564","2014-12",0.0153505368701854,21.01,"O3"
"565","2015-01",0.0184630316836392,24.76,"O3"
"566","2015-02",0.0233310453531676,29.62,"O3"
"567","2015-03",0.0273254677822633,35.35,"O3"
"568","2015-04",0.0315147843043722,40.1,"O3"
"569","2015-05",0.0332305640506601,44.41,"O3"
"570","2015-06",0.0311902806459645,44.03,"O3"
"571","2015-07",0.0294450500455961,41.2,"O3"
"572","2015-08",0.0296255915328983,43.74,"O3"
"573","2015-09",0.026503816154364,39.89,"O3"
"574","2015-10",0.0215902260015983,30.1,"O3"
"575","2015-11",0.019548224406492,26.57,"O3"
"576","2015-12",0.0172922887809356,23.36,"O3"
"577","2000-01",0.840023417130911,14.57,"CO"
"578","2000-02",0.768348730185192,13.15,"CO"
"579","2000-03",0.59562071037842,10.18,"CO"
"580","2000-04",0.552494905040914,9.05,"CO"
"581","2000-05",0.502198437493576,7.81,"CO"
"582","2000-06",0.497009683205594,7.51,"CO"
"583","2000-07",0.477829054545902,7.47,"CO"
"584","2000-08",0.505526201928741,7.91,"CO"
"585","2000-09",0.545773515829855,8.82,"CO"
"586","2000-10",0.732903789212942,12.84,"CO"
"587","2000-11",0.813868794956079,14.95,"CO"
"588","2000-12",0.827227745026189,15.22,"CO"
"589","2001-01",0.821791718839466,14.85,"CO"
"590","2001-02",0.661924100997174,11.26,"CO"
"591","2001-03",0.528438110506725,9,"CO"
"592","2001-04",0.466639826916558,7.87,"CO"
"593","2001-05",0.412452769272607,6.64,"CO"
"594","2001-06",0.41198905864332,6.79,"CO"
"595","2001-07",0.364541840471916,5.89,"CO"
"596","2001-08",0.447920784480988,7.05,"CO"
"597","2001-09",0.469504362914912,8.03,"CO"
"598","2001-10",0.51182815440858,9.35,"CO"
"599","2001-11",0.654405778984578,12.48,"CO"
"600","2001-12",0.696020091269779,12.84,"CO"
"601","2002-01",0.698545750168552,12.35,"CO"
"602","2002-02",0.574345913570416,10.1,"CO"
"603","2002-03",0.452722281460716,7.58,"CO"
"604","2002-04",0.442303673267482,6.83,"CO"
"605","2002-05",0.409803284990797,6.36,"CO"
"606","2002-06",0.409622371861194,6.39,"CO"
"607","2002-07",0.414690662243599,6.21,"CO"
"608","2002-08",0.403658492874732,6.24,"CO"
"609","2002-09",0.471838522692739,7.64,"CO"
"610","2002-10",0.529878140482828,8.57,"CO"
"611","2002-11",0.629416767544971,11.45,"CO"
"612","2002-12",0.653879768209182,11.57,"CO"
"613","2003-01",0.6397354780165,10.72,"CO"
"614","2003-02",0.572888408323137,9.41,"CO"
"615","2003-03",0.482869395605136,7.77,"CO"
"616","2003-04",0.424837987862629,6.55,"CO"
"617","2003-05",0.400446035760551,6.33,"CO"
"618","2003-06",0.382820248824827,6.1,"CO"
"619","2003-07",0.418054824364161,6.34,"CO"
"620","2003-08",0.455723727640876,6.86,"CO"
"621","2003-09",0.449403738529145,7.36,"CO"
"622","2003-10",0.563514868840587,10.13,"CO"
"623","2003-11",0.639966327013984,11.88,"CO"
"624","2003-12",0.675355841430325,11.87,"CO"
"625","2004-01",0.572465757691591,9.82,"CO"
"626","2004-02",0.534712152154301,9.29,"CO"
"627","2004-03",0.484384230549752,7.75,"CO"
"628","2004-04",0.403344067226407,6.35,"CO"
"629","2004-05",0.350102503256541,5.59,"CO"
"630","2004-06",0.363276510649961,5.66,"CO"
"631","2004-07",0.377091102127089,5.69,"CO"
"632","2004-08",0.395764730491315,6.18,"CO"
"633","2004-09",0.457305592807847,7.38,"CO"
"634","2004-10",0.480975880188737,8.13,"CO"
"635","2004-11",0.515451055775944,9.41,"CO"
"636","2004-12",0.614381889975227,11.16,"CO"
"637","2005-01",0.530024706835845,9.09,"CO"
"638","2005-02",0.459406306563343,7.82,"CO"
"639","2005-03",0.434544571345377,6.93,"CO"
"640","2005-04",0.397016024179103,6.27,"CO"
"641","2005-05",0.378887546754486,5.88,"CO"
"642","2005-06",0.401760446854243,5.94,"CO"
"643","2005-07",0.386996048432769,5.87,"CO"
"644","2005-08",0.388705711596759,5.97,"CO"
"645","2005-09",0.439191538175588,7.09,"CO"
"646","2005-10",0.488213694216212,8.1,"CO"
"647","2005-11",0.561182534637433,10.06,"CO"
"648","2005-12",0.659321365245637,11.23,"CO"
"649","2006-01",0.606907027958937,10.53,"CO"
"650","2006-02",0.513682864160104,8.8,"CO"
"651","2006-03",0.408482137721287,6.6,"CO"
"652","2006-04",0.400688636893957,6.17,"CO"
"653","2006-05",0.397312947634997,5.84,"CO"
"654","2006-06",0.397808510441875,5.93,"CO"
"655","2006-07",0.367808315926437,5.41,"CO"
"656","2006-08",0.347193448957889,5.24,"CO"
"657","2006-09",0.35403305215339,5.87,"CO"
"658","2006-10",0.43174219979256,7.48,"CO"
"659","2006-11",0.579478302366883,10.67,"CO"
"660","2006-12",0.550308584529114,10.13,"CO"
"661","2007-01",0.43672454274393,7.72,"CO"
"662","2007-02",0.48570729566356,7.9,"CO"
"663","2007-03",0.461240946986157,7.35,"CO"
"664","2007-04",0.382870485312931,5.76,"CO"
"665","2007-05",0.362763115470569,5.25,"CO"
"666","2007-06",0.332134100562615,4.92,"CO"
"667","2007-07",0.32750369779532,4.77,"CO"
"668","2007-08",0.333207807243889,4.88,"CO"
"669","2007-09",0.341172298373459,5.22,"CO"
"670","2007-10",0.40293656701953,6.76,"CO"
"671","2007-11",0.437666297245736,7.61,"CO"
"672","2007-12",0.478181862036052,8.29,"CO"
"673","2008-01",0.437668380973653,7.82,"CO"
"674","2008-02",0.420717418563747,7.16,"CO"
"675","2008-03",0.308825158682402,5.08,"CO"
"676","2008-04",0.324885627190232,4.97,"CO"
"677","2008-05",0.294915025202377,4.31,"CO"
"678","2008-06",0.304025724452892,4.42,"CO"
"679","2008-07",0.263975388783988,3.82,"CO"
"680","2008-08",0.268029996163667,4,"CO"
"681","2008-09",0.324013860669173,5.13,"CO"
"682","2008-10",0.385726897668482,6.6,"CO"
"683","2008-11",0.44589455813648,7.49,"CO"
"684","2008-12",0.424315612886852,6.93,"CO"
"685","2009-01",0.441555090328905,7.4,"CO"
"686","2009-02",0.338820593586575,5.55,"CO"
"687","2009-03",0.306577199222672,4.71,"CO"
"688","2009-04",0.297107337964086,4.43,"CO"
"689","2009-05",0.25914431356771,3.79,"CO"
"690","2009-06",0.242464799218424,3.46,"CO"
"691","2009-07",0.255757854459622,3.65,"CO"
"692","2009-08",0.293056416195436,4.2,"CO"
"693","2009-09",0.261249682303813,4.07,"CO"
"694","2009-10",0.302804032687449,4.89,"CO"
"695","2009-11",0.420958684629191,7.18,"CO"
"696","2009-12",0.371841728483761,6.16,"CO"
"697","2010-01",0.424855886806003,6.8,"CO"
"698","2010-02",0.373960771038213,5.99,"CO"
"699","2010-03",0.354336328547129,5.64,"CO"
"700","2010-04",0.327217233367671,4.8,"CO"
"701","2010-05",0.308274566094596,4.41,"CO"
"702","2010-06",0.266984463786111,3.76,"CO"
"703","2010-07",0.27339558878419,3.78,"CO"
"704","2010-08",0.279052056812519,4.02,"CO"
"705","2010-09",0.307534112666287,4.73,"CO"
"706","2010-10",0.32285644337599,5.21,"CO"
"707","2010-11",0.399277207749698,6.96,"CO"
"708","2010-12",0.424875788525491,7.32,"CO"
"709","2011-01",0.386787514884136,6.34,"CO"
"710","2011-02",0.359436333379205,5.76,"CO"
"711","2011-03",0.30987570203248,4.58,"CO"
"712","2011-04",0.25991260828424,3.75,"CO"
"713","2011-05",0.251492845529039,3.6,"CO"
"714","2011-06",0.24226484518309,3.41,"CO"
"715","2011-07",0.22362294722528,3.12,"CO"
"716","2011-08",0.244497309519393,3.47,"CO"
"717","2011-09",0.254576762073591,3.93,"CO"
"718","2011-10",0.324812355105289,5.24,"CO"
"719","2011-11",0.389347201565686,6.62,"CO"
"720","2011-12",0.443084837479382,7.61,"CO"
"721","2012-01",0.369227960198259,6.05,"CO"
"722","2012-02",0.346491218022462,5.32,"CO"
"723","2012-03",0.290426370694611,4.43,"CO"
"724","2012-04",0.269248267146342,3.78,"CO"
"725","2012-05",0.256098118007945,3.57,"CO"
"726","2012-06",0.231948800884386,3.26,"CO"
"727","2012-07",0.23326740249407,3.19,"CO"
"728","2012-08",0.275449573293836,3.87,"CO"
"729","2012-09",0.284966178956323,4.21,"CO"
"730","2012-10",0.290140039245211,4.42,"CO"
"731","2012-11",0.355099262115145,6.02,"CO"
"732","2012-12",0.354067501346998,5.91,"CO"
"733","2013-01",0.34438770143125,5.47,"CO"
"734","2013-02",0.320123438237974,4.84,"CO"
"735","2013-03",0.283839347984685,4.12,"CO"
"736","2013-04",0.237692069496101,3.32,"CO"
"737","2013-05",0.225770197514646,3.09,"CO"
"738","2013-06",0.204602776885469,2.82,"CO"
"739","2013-07",0.206571492074224,2.81,"CO"
"740","2013-08",0.220563067382922,3.17,"CO"
"741","2013-09",0.222992034928921,3.37,"CO"
"742","2013-10",0.259215360969156,4.25,"CO"
"743","2013-11",0.26388020661852,4.48,"CO"
"744","2013-12",0.345303317817514,5.73,"CO"
"745","2014-01",0.313305522583076,5.15,"CO"
"746","2014-02",0.305533478752315,4.84,"CO"
"747","2014-03",0.268387685501253,4.09,"CO"
"748","2014-04",0.24431117812661,3.47,"CO"
"749","2014-05",0.220430880272724,3.1,"CO"
"750","2014-06",0.196083925703615,2.71,"CO"
"751","2014-07",0.199149312953847,2.7,"CO"
"752","2014-08",0.237742153219193,3.29,"CO"
"753","2014-09",0.240378284877779,3.64,"CO"
"754","2014-10",0.265009423425954,4.22,"CO"
"755","2014-11",0.300466296579758,4.94,"CO"
"756","2014-12",0.321165192040634,5.13,"CO"
"757","2015-01",0.337061934362148,5.45,"CO"
"758","2015-02",0.304188987588847,4.81,"CO"
"759","2015-03",0.285768440155425,4.4,"CO"
"760","2015-04",0.241880572129414,3.5,"CO"
"761","2015-05",0.22033269016457,3,"CO"
"762","2015-06",0.210792878951075,2.85,"CO"
"763","2015-07",0.234361965660017,3.29,"CO"
"764","2015-08",0.239582152526628,3.3,"CO"
"765","2015-09",0.242445010845476,3.51,"CO"
"766","2015-10",0.259492368187363,4.06,"CO"
"767","2015-11",0.309354551843633,5.15,"CO"
"768","2015-12",0.320505076301523,5.27,"CO"
